"id","pub_date","bandname_text"
423,"2019-01-29 04:10:55+00","Thunderlips"
424,"2019-01-29 04:12:35+00","Cheese Wizard"
425,"2019-01-29 04:13:03+00","Rad Tatooine"
427,"2019-01-29 04:14:25+00","Whoreshit"
431,"2019-01-29 04:17:13+00","Taco Pilot"
433,"2019-01-29 04:18:12+00","Fungust"
434,"2019-01-29 04:18:32+00","Fart Gallery"
435,"2019-01-29 04:19:04+00","Hail Seizure"
430,"2019-01-29 04:16:05+00","Ex Spearmint"
451,"2019-01-29 04:31:22+00","Zebralette"
452,"2019-01-29 04:32:19+00","Mail Pattern"
453,"2019-01-29 04:34:58+00","Earbook"
454,"2019-01-29 04:38:29+00","Play Dope"
456,"2019-01-29 04:38:43+00","Cookie Dope"
457,"2019-01-29 04:40:07+00","Bread Scrum"
461,"2019-01-29 05:03:00+00","Thighdeologue"
464,"2019-01-29 05:04:59+00","Fur Coax"
465,"2019-01-29 05:05:55+00","Relanativity"
467,"2019-01-29 05:08:14+00","Elephantasmagoria"
469,"2019-01-29 05:10:05+00","Videogurt"
475,"2019-01-29 05:38:07+00","Microsoft Widows"
476,"2019-01-30 02:28:46+00","Blob Ross"
478,"2019-01-30 02:29:23+00","Blob Dill In"
479,"2019-01-30 02:29:34+00","Blob Sag It"
485,"2019-01-30 02:36:24+00","A New Pope"
486,"2019-01-30 02:36:34+00","The Umpire Strikes Back"
488,"2019-01-30 02:38:27+00","Umpire State"
490,"2019-01-31 21:01:34+00","Meh-he Co."
491,"2019-01-31 21:01:56+00","Mecksea Co."
492,"2019-02-02 15:35:05+00","Baby Cheeses"
493,"2019-02-03 02:24:47+00","Buffalo Springsteen"
496,"2019-02-05 23:22:49+00","Queuecumber"
426,"2019-01-29 04:13:25+00","Crepes of Wrath"
428,"2019-01-29 04:15:27+00","Kurds and Whey"
429,"2019-01-29 04:15:47+00","Parched Mint Paper"
432,"2019-01-29 04:17:50+00","Funyun Youngin"
455,"2019-01-29 04:38:36+00","Pizza Dope"
462,"2019-01-29 05:03:17+00","Whore Ratio"
463,"2019-01-29 05:04:07+00","Twinspiration"
466,"2019-01-29 05:07:05+00","Gorillumps"
468,"2019-01-29 05:09:23+00","Trumpet Peeve"
477,"2019-01-30 02:28:59+00","Blob Villa"
480,"2019-01-30 02:33:26+00","Kurd Cocaine"
481,"2019-01-30 02:34:22+00","Hurricocaine"
482,"2019-01-30 02:35:16+00","Veep Jeep"
483,"2019-01-30 02:35:42+00","Derek Cheetah"
484,"2019-01-30 02:36:17+00","Blob Hope"
487,"2019-01-30 02:38:10+00","Presidents of Vice"
115,"2019-01-28 04:20:00+00","Bees In The Wall"
494,"2019-02-03 02:25:00+00","Cinnamon Goal"
91,"2019-01-28 04:20:00+00","Abandon Skunk"
92,"2019-01-28 04:20:00+00","Acoustic Lumberjack"
93,"2019-01-28 04:20:00+00","Afro Powersaw"
94,"2019-01-28 04:20:00+00","Aftermoon"
95,"2019-01-28 04:20:00+00","Alabaster Butt"
96,"2019-01-28 04:20:00+00","Allegedly Delicious"
97,"2019-01-28 04:20:00+00","Alphabet Sheep"
98,"2019-01-28 04:20:00+00","Amoeba Wep"
99,"2019-01-28 04:20:00+00","Analog Babies"
100,"2019-01-28 04:20:00+00","And Many More"
101,"2019-01-28 04:20:00+00","Apolojest"
102,"2019-01-28 04:20:00+00","Arkansas Winter Strawberry"
103,"2019-01-28 04:20:00+00","Atom Heart Bros."
104,"2019-01-28 04:20:00+00","Auntie Christ"
105,"2019-01-28 04:20:00+00","Aural Surgery"
106,"2019-01-28 04:20:00+00","Austringer"
107,"2019-01-28 04:20:00+00","Baby Yak Cashmere"
108,"2019-01-28 04:20:00+00","Bacon Gauge"
109,"2019-01-28 04:20:00+00","Ballerino"
110,"2019-01-28 04:20:00+00","Bananawise"
111,"2019-01-28 04:20:00+00","Bare Knuckle Bison"
112,"2019-01-28 04:20:00+00","Basil Theremin"
113,"2019-01-28 04:20:00+00","Bay Route"
114,"2019-01-28 04:20:00+00","Bearcat Tussle"
116,"2019-01-28 04:20:00+00","Beta Mail"
117,"2019-01-28 04:20:00+00","Boat Ox"
118,"2019-01-28 04:20:00+00","Bobble Waffle"
119,"2019-01-28 04:20:00+00","Bodega Napalm"
120,"2019-01-28 04:20:00+00","Bonus Veteran"
121,"2019-01-28 04:20:00+00","Brew Trees"
122,"2019-01-28 04:20:00+00","Broadway Shoes"
123,"2019-01-28 04:20:00+00","Broken Bubbles"
124,"2019-01-28 04:20:00+00","Brooklyn Strike"
125,"2019-01-28 04:20:00+00","Brutal Group Night"
126,"2019-01-28 04:20:00+00","Cannibal Lectern"
127,"2019-01-28 04:20:00+00","Carcass Man"
128,"2019-01-28 04:20:00+00","Cargo Lance"
129,"2019-01-28 04:20:00+00","Cargo Snorts"
130,"2019-01-28 04:20:00+00","Carlos Danger"
131,"2019-01-28 04:20:00+00","Castroted"
132,"2019-01-28 04:20:00+00","Charlie Hustle"
133,"2019-01-28 04:20:00+00","Charlie Sheik"
134,"2019-01-28 04:20:00+00","Chester Copperpot"
135,"2019-01-28 04:20:00+00","Children Pot Pie"
136,"2019-01-28 04:20:00+00","Choosers Choice"
137,"2019-01-28 04:20:00+00","Chooser’s Banquet"
138,"2019-01-28 04:20:00+00","Christmas Dildo"
139,"2019-01-28 04:20:00+00","Chug the Chicken"
140,"2019-01-28 04:20:00+00","Clean Wrap"
141,"2019-01-28 04:20:00+00","Clean Wrapper"
142,"2019-01-28 04:20:00+00","Climate Johnson"
143,"2019-01-28 04:20:00+00","Cold Front Jones"
144,"2019-01-28 04:20:00+00","Cold Smoke"
145,"2019-01-28 04:20:00+00","Colorfight"
146,"2019-01-28 04:20:00+00","Convergence Deficiency"
147,"2019-01-28 04:20:00+00","Cookiefoot"
148,"2019-01-28 04:20:00+00","Creachers"
149,"2019-01-28 04:20:00+00","Czech Yourself"
150,"2019-01-28 04:20:00+00","Dark pass"
151,"2019-01-28 04:20:00+00","Daytime Fireworks"
152,"2019-01-28 04:20:00+00","Deep Leg Hug"
153,"2019-01-28 04:20:00+00","Defindirectly"
436,"2019-01-29 04:19:31+00","Etouffe Brutus"
438,"2019-01-29 04:20:00+00","Tofu Manchu"
439,"2019-01-29 04:20:39+00","Sell Foam"
441,"2019-01-29 04:21:11+00","Motelephone"
443,"2019-01-29 04:21:47+00","London Frog"
444,"2019-01-29 04:21:58+00","Froghat"
448,"2019-01-29 04:24:29+00","Sister Pray"
449,"2019-01-29 04:28:46+00","Coffee Anon"
458,"2019-01-29 04:42:26+00","Sixth Scents"
459,"2019-01-29 04:43:54+00","Apocalips"
470,"2019-01-29 05:17:16+00","Sure Leaf"
471,"2019-01-29 05:22:13+00","Dragon’s Layer"
489,"2019-01-30 02:38:37+00","Garden Steak"
495,"2019-02-03 17:03:01+00","Sassy Assassins"
154,"2019-01-28 04:20:00+00","Despondent Ferret"
155,"2019-01-28 04:20:00+00","Didgeridew"
156,"2019-01-28 04:20:00+00","Didgeridude"
157,"2019-01-28 04:20:00+00","Dingo Jiggler"
158,"2019-01-28 04:20:00+00","Dingo Jiggler"
159,"2019-01-28 04:20:00+00","DJ Bellycrumbs"
160,"2019-01-28 04:20:00+00","DJ Coffeecake"
161,"2019-01-28 04:20:00+00","Double Ginzo"
162,"2019-01-28 04:20:00+00","Double Smote"
163,"2019-01-28 04:20:00+00","Douche Bouche"
164,"2019-01-28 04:20:00+00","Douche Bouche"
165,"2019-01-28 04:20:00+00","Dr Agua"
166,"2019-01-28 04:20:00+00","Dress Lance"
167,"2019-01-28 04:20:00+00","Dropbox Murphy's"
168,"2019-01-28 04:20:00+00","E-Males"
169,"2019-01-28 04:20:00+00","Earthcrumb"
170,"2019-01-28 04:20:00+00","Easy Mummy"
171,"2019-01-28 04:20:00+00","Eclypso"
172,"2019-01-28 04:20:00+00","Eddie Mummy"
173,"2019-01-28 04:20:00+00","Elder Squirrels"
174,"2019-01-28 04:20:00+00","Electric Bobcat"
175,"2019-01-28 04:20:00+00","Electrosnob"
176,"2019-01-28 04:20:00+00","Enemy Anemone"
177,"2019-01-28 04:20:00+00","Exploding Snare"
178,"2019-01-28 04:20:00+00","Exploratory Bite"
179,"2019-01-28 04:20:00+00","Family Mohawk"
180,"2019-01-28 04:20:00+00","Fancy Strike"
181,"2019-01-28 04:20:00+00","Fancy Sunday Loincloth"
182,"2019-01-28 04:20:00+00","Fauna Sauna"
183,"2019-01-28 04:20:00+00","Fetish Bomb"
184,"2019-01-28 04:20:00+00","Fevertweet"
185,"2019-01-28 04:20:00+00","Firstwurst"
186,"2019-01-28 04:20:00+00","Flan Forever"
187,"2019-01-28 04:20:00+00","Flannibal"
188,"2019-01-28 04:20:00+00","Flaunted Loom"
189,"2019-01-28 04:20:00+00","Flour Mason"
190,"2019-01-28 04:20:00+00","Flowing Lox"
191,"2019-01-28 04:20:00+00","Football Jellyfish"
192,"2019-01-28 04:20:00+00","Fraffle"
193,"2019-01-28 04:20:00+00","Freak Andy and the Vans"
194,"2019-01-28 04:20:00+00","French Noodle"
195,"2019-01-28 04:20:00+00","French Prints"
196,"2019-01-28 04:20:00+00","Fringe Benedicts"
197,"2019-01-28 04:20:00+00","Frozen Jawn"
198,"2019-01-28 04:20:00+00","Fungible Masses"
199,"2019-01-28 04:20:00+00","Future Gas"
200,"2019-01-28 04:20:00+00","Galactic Backup"
201,"2019-01-28 04:20:00+00","Galactic Bulge"
202,"2019-01-28 04:20:00+00","Gateway Cookie"
203,"2019-01-28 04:20:00+00","Geyser Roll"
204,"2019-01-28 04:20:00+00","Ginger Picker"
205,"2019-01-28 04:20:00+00","Gloomypants"
206,"2019-01-28 04:20:00+00","Godfrog"
207,"2019-01-28 04:20:00+00","Golden Horatio"
208,"2019-01-28 04:20:00+00","Goo Gulls"
209,"2019-01-28 04:20:00+00","Gorilla Salad"
210,"2019-01-28 04:20:00+00","Grape Jamb"
211,"2019-01-28 04:20:00+00","Gunsnot"
212,"2019-01-28 04:20:00+00","Gymbanana"
213,"2019-01-28 04:20:00+00","Haggle Rock"
214,"2019-01-28 04:20:00+00","Halfro"
215,"2019-01-28 04:20:00+00","Ham Mail"
216,"2019-01-28 04:20:00+00","Hazard Lizard"
217,"2019-01-28 04:20:00+00","Heirloom Pigs"
218,"2019-01-28 04:20:00+00","Hermaphrodesiac"
219,"2019-01-28 04:20:00+00","Hey Zeus"
220,"2019-01-28 04:20:00+00","High Steaks"
221,"2019-01-28 04:20:00+00","Hiking Urinal"
222,"2019-01-28 04:20:00+00","Hilaritive"
223,"2019-01-28 04:20:00+00","Hipnoceros"
224,"2019-01-28 04:20:00+00","How It's Used"
225,"2019-01-28 04:20:00+00","Hugh Jazz"
226,"2019-01-28 04:20:00+00","Human luggage"
227,"2019-01-28 04:20:00+00","Humuhumunukunukuapuaa"
228,"2019-01-28 04:20:00+00","Interceptor In Keef"
229,"2019-01-28 04:20:00+00","Interleopard"
230,"2019-01-28 04:20:00+00","Interleper"
231,"2019-01-28 04:20:00+00","Intermediate Herb"
232,"2019-01-28 04:20:00+00","International Jones"
233,"2019-01-28 04:20:00+00","Israeli Difficult"
234,"2019-01-28 04:20:00+00","Japanese Brown Jelly"
235,"2019-01-28 04:20:00+00","Jawbone 3000"
236,"2019-01-28 04:20:00+00","Jesus Donut"
237,"2019-01-28 04:20:00+00","Jumbo Jeff"
238,"2019-01-28 04:20:00+00","Jungle Maintenance"
239,"2019-01-28 04:20:00+00","Kaiser Chasm"
240,"2019-01-28 04:20:00+00","Karate Gun"
241,"2019-01-28 04:20:00+00","Karma Sutures"
242,"2019-01-28 04:20:00+00","Keanu Reaps"
243,"2019-01-28 04:20:00+00","Keanu Wreaths"
244,"2019-01-28 04:20:00+00","Kneel the Grass Bison"
245,"2019-01-28 04:20:00+00","Laptot"
246,"2019-01-28 04:20:00+00","Launch Your Lunch"
247,"2019-01-28 04:20:00+00","Leaning Up"
248,"2019-01-28 04:20:00+00","Led Zeppole"
249,"2019-01-28 04:20:00+00","Lemur Femurs"
250,"2019-01-28 04:20:00+00","Leroy Mouth Shut"
251,"2019-01-28 04:20:00+00","Less Than Yurt"
252,"2019-01-28 04:20:00+00","Lifegourd"
253,"2019-01-28 04:20:00+00","Lion the Tiger"
254,"2019-01-28 04:20:00+00","Little Riffies"
255,"2019-01-28 04:20:00+00","Little Yip"
256,"2019-01-28 04:20:00+00","Loose Canons"
257,"2019-01-28 04:20:00+00","Losing The Raccoon"
258,"2019-01-28 04:20:00+00","Louie News and the Hues"
259,"2019-01-28 04:20:00+00","Low Standards"
260,"2019-01-28 04:20:00+00","Lump Some"
261,"2019-01-28 04:20:00+00","Lunch Launch"
262,"2019-01-28 04:20:00+00","Machu Pikachu"
263,"2019-01-28 04:20:00+00","Major Danger"
264,"2019-01-28 04:20:00+00","Manateen"
265,"2019-01-28 04:20:00+00","Manhattan Schist"
266,"2019-01-28 04:20:00+00","Manuel Fade"
267,"2019-01-28 04:20:00+00","Manuel Fade"
268,"2019-01-28 04:20:00+00","Marriage Gallows"
269,"2019-01-28 04:20:00+00","MC YMCA"
270,"2019-01-28 04:20:00+00","Meatier Meteor"
271,"2019-01-28 04:20:00+00","Megalopolis"
272,"2019-01-28 04:20:00+00","Melon Collie"
273,"2019-01-28 04:20:00+00","Mental Market"
274,"2019-01-28 04:20:00+00","Meow Chow"
275,"2019-01-28 04:20:00+00","Metrognome"
276,"2019-01-28 04:20:00+00","Mice MRSA"
277,"2019-01-28 04:20:00+00","Mike’s Bison"
278,"2019-01-28 04:20:00+00","Mike’s Bison Punch-Out"
279,"2019-01-28 04:20:00+00","Milk Percolator"
280,"2019-01-28 04:20:00+00","Missile Sponge"
281,"2019-01-28 04:20:00+00","Mister Plow"
282,"2019-01-28 04:20:00+00","Mix Demotions"
283,"2019-01-28 04:20:00+00","Modem Operator"
284,"2019-01-28 04:20:00+00","Modem Operetta"
285,"2019-01-28 04:20:00+00","Moist Joist"
286,"2019-01-28 04:20:00+00","Mona Whiskey"
287,"2019-01-28 04:20:00+00","Mongolloyd"
288,"2019-01-28 04:20:00+00","Monkey to the Face"
289,"2019-01-28 04:20:00+00","Moonface Mess"
290,"2019-01-28 04:20:00+00","Moonshot"
291,"2019-01-28 04:20:00+00","Mountain Dude"
292,"2019-01-28 04:20:00+00","Mouse Honey"
293,"2019-01-28 04:20:00+00","Mrs. Delicious"
294,"2019-01-28 04:20:00+00","Mummra's Daughter"
295,"2019-01-28 04:20:00+00","Murderpig"
296,"2019-01-28 04:20:00+00","Mustard Hat"
297,"2019-01-28 04:20:00+00","Nature's Natural"
298,"2019-01-28 04:20:00+00","Neon Salmon"
299,"2019-01-28 04:20:00+00","Nice Plumage"
300,"2019-01-28 04:20:00+00","Ninjabread Man"
301,"2019-01-28 04:20:00+00","Ninjagogo"
302,"2019-01-28 04:20:00+00","Nipple Shoulder"
303,"2019-01-28 04:20:00+00","No Ninja No"
304,"2019-01-28 04:20:00+00","Nouveau Sheik"
305,"2019-01-28 04:20:00+00","Now Hiring"
306,"2019-01-28 04:20:00+00","O Pompeii"
307,"2019-01-28 04:20:00+00","Oeuf et Boeuf"
308,"2019-01-28 04:20:00+00","Opposite Reverse"
309,"2019-01-28 04:20:00+00","Oreo Speedwagon"
310,"2019-01-28 04:20:00+00","Origin Herb"
311,"2019-01-28 04:20:00+00","Padlock Tortilla"
312,"2019-01-28 04:20:00+00","Pain Thinner"
313,"2019-01-28 04:20:00+00","Paint Killer"
314,"2019-01-28 04:20:00+00","Pancake Emergency"
315,"2019-01-28 04:20:00+00","Parlais Vuvuzela"
316,"2019-01-28 04:20:00+00","Party Mule"
317,"2019-01-28 04:20:00+00","Passenger Jeff"
318,"2019-01-28 04:20:00+00","Pastor of Muppets"
319,"2019-01-28 04:20:00+00","Pavel Bluray"
320,"2019-01-28 04:20:00+00","Peace Day Resistance"
321,"2019-01-28 04:20:00+00","Pearl Wang"
322,"2019-01-28 04:20:00+00","Pegleg Antoine"
323,"2019-01-28 04:20:00+00","Penguin or Lose"
324,"2019-01-28 04:20:00+00","People Chips"
325,"2019-01-28 04:20:00+00","Playoff Jesus"
326,"2019-01-28 04:20:00+00","Pluto and the Food Pyramid"
327,"2019-01-28 04:20:00+00","Polar Vortex"
328,"2019-01-28 04:20:00+00","Pontius Pilates"
329,"2019-01-28 04:20:00+00","Pop Sickle"
330,"2019-01-28 04:20:00+00","Present Tents"
331,"2019-01-28 04:20:00+00","Prior Beef"
332,"2019-01-28 04:20:00+00","Prismatic Laser"
333,"2019-01-28 04:20:00+00","Propane Shrapnel"
334,"2019-01-28 04:20:00+00","Prostitots"
335,"2019-01-28 04:20:00+00","Psycholojesus"
336,"2019-01-28 04:20:00+00","Que Sirhan Sirhan"
337,"2019-01-28 04:20:00+00","Quetzalcoatl"
338,"2019-01-28 04:20:00+00","Quotatious"
339,"2019-01-28 04:20:00+00","Quotatious Pilot"
340,"2019-01-28 04:20:00+00","Reverse Ring Toss"
341,"2019-01-28 04:20:00+00","Ribbon Flavorbomb"
342,"2019-01-28 04:20:00+00","Rocktopus"
343,"2019-01-28 04:20:00+00","Rocktopussy"
344,"2019-01-28 04:20:00+00","Rusty Anchor"
345,"2019-01-28 04:20:00+00","Sacrelicious"
346,"2019-01-28 04:20:00+00","Safety Nap"
347,"2019-01-28 04:20:00+00","Sandcattle"
348,"2019-01-28 04:20:00+00","Satin Nightmare"
349,"2019-01-28 04:20:00+00","Sexiglass"
350,"2019-01-28 04:20:00+00","Sexual Magellan"
351,"2019-01-28 04:20:00+00","Sheepskin Garage"
352,"2019-01-28 04:20:00+00","Sherpa Regulator"
353,"2019-01-28 04:20:00+00","Shitaly"
354,"2019-01-28 04:20:00+00","Shoeless Ike"
355,"2019-01-28 04:20:00+00","Shulysses"
356,"2019-01-28 04:20:00+00","Sidecat"
357,"2019-01-28 04:20:00+00","Skim Matics"
358,"2019-01-28 04:20:00+00","Skin Milk"
359,"2019-01-28 04:20:00+00","Skullet"
360,"2019-01-28 04:20:00+00","Snake Fights and Beer Bites"
361,"2019-01-28 04:20:00+00","Snarecase"
363,"2019-01-28 04:20:00+00","Son of a Mummy"
364,"2019-01-28 04:20:00+00","Soylent Sheen"
365,"2019-01-28 04:20:00+00","Squat The Gnome"
437,"2019-01-29 04:19:48+00","Tofu Fighters"
2,"2018-12-29 03:52:47+00","Dr. Stonefax"
3,"2018-12-29 03:52:47+00","Pork Ranger"
4,"2018-12-29 03:52:47+00","National Pork Service"
5,"2018-12-29 03:52:47+00","Central Pork"
6,"2018-12-29 03:52:47+00","Theme Pork"
7,"2018-12-29 03:52:47+00","Dope Tote"
8,"2018-12-29 03:52:47+00","Minor Miner League"
9,"2018-12-29 03:52:47+00","Great Softer"
10,"2018-12-29 03:52:47+00","Typhoon Tycoon"
11,"2018-12-29 03:52:47+00","Chloro Phil and the Cells"
12,"2018-12-29 03:52:47+00","Brainwave Burqa"
13,"2018-12-29 03:52:47+00","Face Beat"
14,"2018-12-29 03:52:47+00","Led Zeppole"
15,"2018-12-29 03:52:47+00","Air Plugs"
16,"2018-12-29 03:52:47+00","The Feelers"
17,"2018-12-29 03:52:47+00","Beach Hair"
18,"2018-12-29 03:52:47+00","Chotto Motto"
19,"2018-12-29 03:52:47+00","Ocean Chapel"
20,"2018-12-29 03:52:47+00","Oyster Island"
21,"2018-12-29 03:52:47+00","Barren Neck"
22,"2018-12-29 03:52:47+00","Lemon Green"
23,"2018-12-29 03:52:47+00","Tape Snake"
24,"2018-12-29 03:52:47+00","Partial Arts"
25,"2018-12-29 03:52:47+00","Green Fur"
26,"2018-12-29 03:52:47+00","Dynamo Society"
27,"2018-12-29 03:52:47+00","Downer"
28,"2018-12-29 03:52:47+00","Magazine Magnate"
29,"2018-12-29 03:52:47+00","The Maonties"
30,"2018-12-29 03:52:47+00","Phased Out"
31,"2018-12-29 03:52:47+00","Several Vaginas"
32,"2018-12-29 03:52:47+00","Vulgar Specialist"
33,"2018-12-29 03:52:47+00","Ass Laser"
34,"2018-12-29 03:52:47+00","Cellulloyd"
35,"2018-12-29 03:52:47+00","Crack Nugs"
36,"2018-12-29 03:52:47+00","Sexual Jaguar"
37,"2018-12-29 03:52:47+00","Disembodied Vagina"
38,"2018-12-29 03:52:47+00","Taco Page"
39,"2018-12-29 03:52:47+00","Plague Mask"
40,"2018-12-29 03:52:47+00","Liquor Sickles"
41,"2018-12-29 03:52:47+00","Hippocerous"
42,"2018-12-29 03:52:47+00","Mutato"
43,"2018-12-29 03:52:47+00","Wet Bandits"
44,"2018-12-29 03:52:47+00","Muchos Butros Gala"
45,"2018-12-29 03:52:47+00","Sir Doctor"
46,"2018-12-29 03:52:47+00","OG Simpson"
47,"2018-12-29 03:52:47+00","Letter Sensitive"
48,"2018-12-29 03:52:47+00","Ex Miss"
49,"2018-12-29 03:53:09+00","Centrifudge"
50,"2018-12-29 03:53:19+00","Minimum Rage"
51,"2018-12-29 03:53:29+00","Strawberry Goldwater"
52,"2018-12-29 03:53:36+00","Diapercentage"
53,"2018-12-29 03:53:46+00","Fake Whigs"
54,"2018-12-29 03:53:53+00","Cherry Seinfeld"
55,"2018-12-29 03:54:01+00","Cherry Bums"
56,"2018-12-29 03:54:09+00","Pontius Pilates Studio"
57,"2018-12-29 03:54:16+00","Frozen Yoga"
58,"2018-12-29 03:54:22+00","Jesus and the Jews"
59,"2018-12-29 03:54:29+00","Gory Feldman"
60,"2018-12-29 03:54:35+00","Athlete's Bigfoot"
61,"2018-12-29 03:54:42+00","Latke Nazis"
62,"2018-12-29 03:54:48+00","Felonious Bunk"
63,"2018-12-29 03:55:00+00","Taco Bell Curve"
64,"2018-12-29 03:55:06+00","Beer Naked Ladies"
65,"2018-12-29 03:55:14+00","Beer Necessities"
66,"2018-12-29 03:55:19+00","Mama Beer"
67,"2018-12-29 03:55:29+00","Catbeardog"
68,"2018-12-29 03:55:35+00","Terrordog"
69,"2018-12-29 03:55:42+00","Terrorbird"
70,"2018-12-29 03:55:51+00","Goldilager and the Three Beers"
71,"2018-12-29 03:55:56+00","Beer Hug"
72,"2018-12-29 03:56:03+00","Beer Claws"
73,"2018-12-29 03:56:10+00","Beer Witness"
74,"2018-12-29 03:57:04+00","Arctic Turnips"
75,"2018-12-29 03:57:09+00","Hash Tray"
76,"2018-12-29 03:57:19+00","Bio Brothers"
77,"2018-12-29 03:57:29+00","Sea Belt"
78,"2018-12-29 03:57:34+00","Seacactus"
79,"2018-12-29 03:58:36+00","Prehistoric Birds"
80,"2018-12-29 03:59:13+00","Mazeltov Cocktails"
81,"2019-01-13 03:27:00+00","Lloydian Slip"
82,"2019-01-13 03:27:21+00","Milk Percolator"
83,"2019-01-13 03:27:32+00","Illusive Knuckles"
84,"2019-01-13 03:31:47+00","Handsome Prophets"
85,"2019-01-13 03:31:57+00","Done and Doner"
86,"2019-01-13 03:32:05+00","Thaicrete"
87,"2019-01-13 03:32:15+00","Hashishtory"
88,"2019-01-13 03:32:29+00","Full Canadian"
89,"2019-01-13 03:32:37+00","Felonade"
90,"2019-01-13 03:32:37+00","Indie Anna Jones"
398,"2019-01-28 04:20:00+00","Tortilla Castle"
366,"2019-01-28 04:20:00+00","Statistical Octopus"
367,"2019-01-28 04:20:00+00","Steam Redemption"
368,"2019-01-28 04:20:00+00","Stick Save"
369,"2019-01-28 04:20:00+00","Street Baby"
370,"2019-01-28 04:20:00+00","Strobe Penguin"
371,"2019-01-28 04:20:00+00","Subsidized Salad"
372,"2019-01-28 04:20:00+00","Suburban Scavenger"
373,"2019-01-28 04:20:00+00","Suicidal Bumblebees"
374,"2019-01-28 04:20:00+00","Suicide Bear"
375,"2019-01-28 04:20:00+00","Sultans of Polka"
376,"2019-01-28 04:20:00+00","Superb Owl"
377,"2019-01-28 04:20:00+00","Supermoon"
378,"2019-01-28 04:20:00+00","Superpain"
379,"2019-01-28 04:20:00+00","Sweatlance"
380,"2019-01-28 04:20:00+00","Tea Rex"
381,"2019-01-28 04:20:00+00","Teabag Santa"
382,"2019-01-28 04:20:00+00","Tentacle Tabernacle"
383,"2019-01-28 04:20:00+00","Thank You Goodnight"
384,"2019-01-28 04:20:00+00","The Danish Queen of Greenland"
385,"2019-01-28 04:20:00+00","The Double Diddle"
386,"2019-01-28 04:20:00+00","The Gaza Strippers"
387,"2019-01-28 04:20:00+00","The Higgins Bison"
388,"2019-01-28 04:20:00+00","The Higgins Boson"
389,"2019-01-28 04:20:00+00","The Icesquires"
390,"2019-01-28 04:20:00+00","The Iron Chic"
391,"2019-01-28 04:20:00+00","The Iron Sheets"
392,"2019-01-28 04:20:00+00","The Nut Sax"
393,"2019-01-28 04:20:00+00","The Science Monks"
394,"2019-01-28 04:20:00+00","Throne Grease"
395,"2019-01-28 04:20:00+00","Tigerfire"
396,"2019-01-28 04:20:00+00","Toiletphone"
397,"2019-01-28 04:20:00+00","Tooth or Dare"
399,"2019-01-28 04:20:00+00","Touchdown Jesus"
400,"2019-01-28 04:20:00+00","Trappucino"
401,"2019-01-28 04:20:00+00","Tray Sheik"
402,"2019-01-28 04:20:00+00","Truckhead"
403,"2019-01-28 04:20:00+00","Turdblossom"
404,"2019-01-28 04:20:00+00","Turkish Van Cat"
405,"2019-01-28 04:20:00+00","USSA"
406,"2019-01-28 04:20:00+00","Vegan Butcher"
407,"2019-01-28 04:20:00+00","Visual Punch"
408,"2019-01-28 04:20:00+00","Volcagnome"
409,"2019-01-28 04:20:00+00","Walking Deficient"
410,"2019-01-28 04:20:00+00","Waxing Gibbon"
411,"2019-01-28 04:20:00+00","We Are Not Susan"
412,"2019-01-28 04:20:00+00","Weasel Easel"
413,"2019-01-28 04:20:00+00","Wee Demon"
414,"2019-01-28 04:20:00+00","Werewolf Toupee"
415,"2019-01-28 04:20:00+00","What It Is"
416,"2019-01-28 04:20:00+00","Whiskey Enhanced"
417,"2019-01-28 04:20:00+00","Whiskey Monkey"
418,"2019-01-28 04:20:00+00","Wicked Liquor"
419,"2019-01-28 04:20:00+00","Wizard Hazard"
420,"2019-01-28 04:20:00+00","Worthless Rage"
421,"2019-01-28 04:20:00+00","Zombie Breakfast"
1,"2019-01-28 00:00:00+00","Nug Puncher"
422,"2019-01-29 03:42:06+00","Dog Catcher In The Rye"
440,"2019-01-29 04:20:56+00","Bake's Ale"
442,"2019-01-29 04:21:33+00","Butter Emails"
445,"2019-01-29 04:22:13+00","Holy Toast"
446,"2019-01-29 04:22:46+00","Rye Ghost"
447,"2019-01-29 04:23:06+00","Wry Toast"
450,"2019-01-29 04:29:20+00","Forty Achers"
460,"2019-01-29 04:46:18+00","Coy Pond"
472,"2019-01-29 05:23:18+00","Tie Diorama"
473,"2019-01-29 05:24:24+00","Handsome Prophets"
474,"2019-01-29 05:26:23+00","Carbon Monarchs"
497,"2019-02-06 02:59:59+00","Shenandoah Shenanigans"
498,"2019-02-06 03:00:09+00","Shenaniguy"
499,"2019-02-09 12:49:29+00","Djazz"
500,"2019-02-13 03:33:57+00","Alsonas"
501,"2019-02-13 03:34:06+00","Cave God"
502,"2019-02-13 03:34:18+00","Vertical Quicksand"
503,"2019-02-14 12:23:41+00","Pretzelcoatl"
536,"2019-02-16 22:37:44+00","Disco Stew"
537,"2019-02-16 22:37:57+00","Beef Stu"
538,"2019-02-19 03:26:41+00","Yesterfog"
539,"2019-02-19 03:26:53+00","Fog of Yore"
540,"2019-02-19 03:27:05+00","Fred Beans"
541,"2019-02-19 03:27:15+00","N Root"
542,"2019-02-19 03:37:27+00","Supernintendo Chalmers"
543,"2019-02-19 03:37:42+00","Thrillho"
544,"2019-02-19 03:38:33+00","Trapper Keeper"
545,"2019-02-19 04:09:21+00","Cautious Lee"
546,"2019-02-20 03:21:08+00","Kentucky Meat Shower"
547,"2019-02-20 03:26:53+00","Earthquake Lights"
548,"2019-02-21 01:17:20+00","Dung Loaner"
549,"2019-02-21 01:19:48+00","Ramboner"
550,"2019-02-21 01:26:35+00","Rig Tone"
551,"2019-02-21 05:13:33+00","Hug Drug"
552,"2019-02-21 05:13:47+00","Chub Drug"
553,"2019-02-22 21:49:16+00","Leopard Con"
554,"2019-02-22 21:49:27+00","Leopard Khan"
555,"2019-02-22 22:07:42+00","Otto Man"
556,"2019-02-22 22:07:52+00","Thrillhouse"
557,"2019-02-23 02:21:23+00","Matte Finnish"
558,"2019-02-23 02:21:40+00","Matt Finish"
559,"2019-02-26 01:58:35+00","Foodonym"
560,"2019-02-26 01:58:52+00","Feudonym"
561,"2019-02-26 02:35:06+00","Hockey Flops"
562,"2019-02-26 02:54:05+00","Tabboulehean Logic"
563,"2019-02-26 03:05:29+00","The Gabba Ghouls"
564,"2019-02-26 03:16:58+00","Swooping Cough"
565,"2019-02-26 03:17:12+00","Whipping Cough"
566,"2019-02-26 03:20:48+00","Slanderfest"
567,"2019-02-26 03:21:10+00","Slanderfist"
568,"2019-02-26 03:21:27+00","Slander Lakes"
569,"2019-02-26 03:21:41+00","Lando Lakes"
570,"2019-02-26 18:05:36+00","Humble Pi"
571,"2019-02-26 18:05:57+00","Easy as Pi"
572,"2019-03-01 02:21:22+00","Bandana Band Aid"
573,"2019-03-03 19:52:58+00","Dread First"
574,"2019-03-03 19:53:17+00","Jester Gesture"
575,"2019-03-03 19:53:33+00","Djently Weeping"
576,"2019-03-04 00:43:02+00","Warning Sine"
577,"2019-03-04 00:43:30+00","Sign Wave"
578,"2019-03-04 00:43:43+00","Sine of the Tines"
579,"2019-03-04 00:44:49+00","Tangentleman"
581,"2019-03-04 00:47:41+00","Zone Bone"
582,"2019-03-04 00:48:01+00","Scone Zone"
583,"2019-03-04 00:48:10+00","Twilight Scone"
584,"2019-03-04 00:48:27+00","End Scone"
580,"2019-03-04 00:47:10+00","Dangerscovery Zone"
585,"2019-03-04 00:50:29+00","Latitude Tutor"
586,"2019-03-04 00:50:46+00","Longitude Dudes"
587,"2019-03-04 00:51:21+00","Nickelfront"
588,"2019-03-04 00:52:14+00","LL Cool J Junior"
589,"2019-03-04 00:52:43+00","In Synchronization"
590,"2019-03-04 00:54:34+00","Synchronicity City"
591,"2019-03-04 00:54:55+00","City Dicks"
592,"2019-03-04 00:56:21+00","Pop Cops"
593,"2019-03-04 00:56:32+00","Top of the Cops"
594,"2019-03-04 00:57:11+00","Curly Jeans"
595,"2019-03-04 00:58:19+00","Jeanius"
596,"2019-03-04 00:59:01+00","Jean Eel"
597,"2019-03-04 01:01:23+00","Party Healer"
598,"2019-03-04 01:01:59+00","Call Me Halal"
599,"2019-03-04 01:02:32+00","Halalbum"
600,"2019-03-04 01:03:45+00","Lemon Eel"
601,"2019-03-04 01:04:30+00","Stranger Arranger"
602,"2019-03-04 14:57:35+00","Gesticulation Aid"
603,"2019-03-05 22:36:19+00","Okapi Okapi"
604,"2019-03-05 22:36:35+00","Okapi My Copy"
605,"2019-03-06 02:14:13+00","Majesticulate"
606,"2019-03-08 23:02:01+00","The Callous Callous"
607,"2019-03-08 23:02:17+00","Callous Chalice"
608,"2019-03-08 23:02:58+00","The Malice Mallets"
609,"2019-03-08 23:03:24+00","Shallot Mallet"
610,"2019-03-08 23:08:45+00","Taxi Crab"
611,"2019-03-08 23:26:28+00","Robotswana"
612,"2019-03-08 23:27:05+00","Rwanda Rondo"
613,"2019-03-09 18:13:42+00","Gen. Malaise"
614,"2019-03-12 00:48:07+00","Expercheese"
615,"2019-03-12 01:17:35+00","Rawanda Rondo"
616,"2019-03-12 01:17:43+00","Bad Pig"
617,"2019-03-12 01:17:55+00","Mongol Dialects"
618,"2019-03-12 01:18:17+00","Ghengis Corn"
619,"2019-03-12 01:18:47+00","Ganges Khan"
620,"2019-03-12 01:19:09+00","Sega Saga"
621,"2019-03-12 01:19:16+00","Bob Sega"
622,"2019-03-12 01:19:32+00","Blob Saga"
623,"2019-03-12 01:20:32+00","Green Funyuns"
624,"2019-03-12 01:21:50+00","Thwart the Cat"
625,"2019-03-12 01:57:23+00","Brutus from Behind"
626,"2019-03-12 01:58:56+00","Historically Inaccurate"
627,"2019-03-12 02:01:30+00","Three Hour Hum"
628,"2019-03-12 02:01:50+00","Powered by Cthulthu"
629,"2019-03-12 02:02:15+00","Zuul's Jewels"
630,"2019-03-12 02:02:35+00","Zuul Pods"
631,"2019-03-12 02:03:10+00","Bronx Zuul"
632,"2019-03-12 02:08:42+00","Daylight Shavings"
633,"2019-03-12 02:09:06+00","Shavings Account"
634,"2019-03-12 02:10:26+00","Crock Hock"
635,"2019-03-13 22:02:30+00","Coal Slaw"
636,"2019-03-15 01:26:36+00","Chimney Cricket"
637,"2019-03-15 01:35:47+00","Fruit Biscuit"
638,"2019-03-15 01:36:02+00","Flute Basket"
639,"2019-03-15 01:36:12+00","Spitbag"
640,"2019-03-15 01:40:16+00","Pocketwitch"
641,"2019-03-15 01:41:09+00","Pocketwich"
642,"2019-03-15 20:33:53+00","Salbatross"
643,"2019-03-17 02:36:16+00","Hat Based Band"
644,"2019-03-20 02:35:51+00","Admiral Snackbar"
645,"2019-03-22 16:33:07+00","Alternative Fax"
646,"2019-03-23 00:25:25+00","Humanatee"
647,"2019-03-23 00:25:53+00","Humanity's Manatee"
648,"2019-03-23 02:08:45+00","Hugh Manatee"
649,"2019-03-23 20:30:42+00","Microfiche"
650,"2019-03-25 23:23:22+00","Pyroglyphics"
651,"2019-03-25 23:23:53+00","Cuneiform Unicorn"
652,"2019-03-26 01:42:41+00","Roverlords"
653,"2019-03-26 02:56:27+00","Brain Seasoning"
654,"2019-03-26 21:25:42+00","Air Equality"
655,"2019-03-26 21:25:54+00","Water Equality"
656,"2019-03-27 01:37:04+00","Satin Bus"
657,"2019-03-29 02:58:57+00","Eye the hoe you taught"
659,"2019-03-30 03:19:37+00","Catastrophisation"
660,"2019-03-30 03:19:48+00","Magic Quadrant"
661,"2019-03-31 20:01:41+00","El Chaperone"
662,"2019-03-31 20:01:56+00","Flocks Capacitor"
663,"2019-03-31 20:02:13+00","Inflox"
664,"2019-03-31 20:02:25+00","Fox Influx"
665,"2019-03-31 20:02:35+00","Fox In Flux"
666,"2019-03-31 20:02:50+00","Fox Capacitor"
667,"2019-03-31 20:29:14+00","Tray Sheik"
668,"2019-03-31 20:29:40+00","Double Clique"
669,"2019-03-31 20:31:28+00","Atomic Balm"
670,"2019-03-31 20:32:24+00","Balms Away"
671,"2019-04-15 13:40:30+00","Pharaoh Syrup"
672,"2019-04-19 00:34:53+00","Prude Nazi"
673,"2019-04-19 00:41:00+00","Generally Bearded"
674,"2019-04-19 00:41:27+00","General Lee, Bearded"
675,"2019-04-20 22:50:53+00","Fleece Navidad"
676,"2019-04-21 03:50:16+00","Mom Genes"
677,"2019-04-21 03:50:35+00","Dad Bod Jovi"
678,"2019-04-21 03:51:09+00","Diocese and Desist"
679,"2019-04-22 18:13:28+00","Beef Art"
680,"2019-04-23 23:45:14+00","Papal Planes"
681,"2019-04-30 05:22:15+00","Avocado Club"
682,"2019-04-30 05:22:48+00","Solar Monks"
683,"2019-04-30 05:23:14+00","Astral Leeks"
684,"2019-04-30 05:24:17+00","Socialist Lake House"
685,"2019-04-30 05:25:35+00","Improv Communist"
686,"2019-04-30 05:26:33+00","Dog Walker Texas Ranger"
687,"2019-04-30 05:27:17+00","Dog Walker Texas Ranger The Bounty Hunter"
688,"2019-05-01 18:45:25+00","Giraffics"
689,"2019-05-04 17:17:26+00","Peanut Bunker"
690,"2019-05-05 15:09:42+00","Stan Dauphish and the Leave Me Alones"
691,"2019-05-10 00:24:48+00","Studio Papers"
692,"2019-05-11 23:52:49+00","Woodland Empire"
693,"2019-05-13 02:04:11+00","Proper High Jean"
694,"2019-05-13 02:04:59+00","Good High, Gene"
695,"2019-05-13 02:08:40+00","French Mold"
696,"2019-05-13 02:08:50+00","Flemish Masters"
697,"2019-05-13 02:09:08+00","Fully Phlegmatic"
698,"2019-05-13 02:10:02+00","Dutch Ovum"
699,"2019-05-13 02:10:29+00","Hot Stove"
701,"2019-05-13 02:11:13+00","French Gorilla Press"
702,"2019-05-13 02:11:34+00","Moss-Covered Three-Handled Family Credenza"
704,"2019-05-13 02:12:15+00","Air Looms"
700,"2019-05-13 02:10:45+00","Hotel Sicks"
703,"2019-05-13 02:12:03+00","Heirloom Shrimp"
705,"2019-05-13 02:12:33+00","Ketchup Heiress"
706,"2019-05-13 02:12:53+00","Egg Wives"
707,"2019-05-13 02:13:17+00","Golden Loafers"
708,"2019-05-13 02:14:00+00","Loaf Potion"
709,"2019-05-16 19:59:59+00","Run DMZ"
710,"2019-05-17 17:30:13+00","Sabotox"
711,"2019-05-17 17:30:44+00","Meatier Shower"
712,"2019-05-17 17:31:20+00","Constellation Installation"
713,"2019-05-17 17:33:01+00","Compostal"
714,"2019-05-17 17:33:24+00","Latrine Machine"
715,"2019-05-17 17:34:16+00","Hard Equinox"
716,"2019-05-18 22:52:50+00","Patagondola"
717,"2019-05-18 22:53:30+00","Pentatonic Water"
718,"2019-05-22 00:48:17+00","Chug the Cannoli"
719,"2019-05-22 01:18:06+00","Cap and Cape"
720,"2019-05-22 02:19:32+00","Blasphemoose"
721,"2019-05-26 13:32:45+00","Thagomizer"
722,"2019-05-26 13:33:02+00","Dessicant"
723,"2019-05-28 22:50:44+00","Google Bordello"
724,"2019-05-29 21:10:56+00","Brainbow"
725,"2019-05-29 21:54:32+00","Blunderstorm"
726,"2019-05-29 22:27:03+00","Haterpillar"
727,"2019-05-31 01:57:25+00","Pro-Hockey"
728,"2019-05-31 01:57:35+00","Plague Years"
729,"2019-05-31 02:14:12+00","Grand Hymen"
730,"2019-05-31 02:14:27+00","Jesus Hitler Christ"
731,"2019-05-31 02:16:11+00","Wee, the People"
732,"2019-05-31 02:16:18+00","Weed the People"
733,"2019-05-31 02:17:11+00","Rock em Sock em’s Razor"
734,"2019-05-31 12:15:06+00","We the People"
735,"2019-05-31 12:15:39+00","Rockem' Sockem's Razor"
736,"2019-05-31 18:59:52+00","Eaglesaurus"
737,"2019-05-31 19:01:43+00","Battery Slips"
738,"2019-06-01 00:54:12+00","Wee the People"
739,"2019-06-01 00:54:30+00","Mobster Lobster"
740,"2019-06-01 15:02:10+00","Bathing Suite"
741,"2019-06-01 15:02:25+00","Space Suite"
742,"2019-06-01 18:40:02+00","Lemonade Grenade"
743,"2019-06-01 18:40:14+00","Venomade"
744,"2019-06-01 18:40:27+00","Gangrenade"
745,"2019-06-01 18:40:43+00","Gangrenadine"
746,"2019-06-01 18:40:58+00","Vince Bombardment"
747,"2019-06-02 19:12:09+00","Dramadillo"
748,"2019-06-02 19:12:41+00","The Amarillo Armadillo"
749,"2019-06-06 02:53:05+00","Meat Wave"
750,"2019-06-06 02:53:18+00","Meat Death of the Universe"
751,"2019-06-06 02:53:36+00","Vince Campari"
752,"2019-06-06 02:54:05+00","Meat Ray"
753,"2019-06-06 02:54:18+00","Archimedes Death Ray"
754,"2019-06-06 02:55:20+00","Catalytic Convertible"
755,"2019-06-06 02:56:07+00","Differential Strokes"
756,"2019-06-06 02:56:27+00","Stoke Screen"
757,"2019-06-06 02:57:07+00","Meat Stroke"
758,"2019-06-06 02:57:24+00","Meat Stoke"
759,"2019-06-06 02:57:35+00","Meat Sweats"
760,"2019-06-06 02:57:42+00","Nose Beers"
761,"2019-06-06 02:58:04+00","Bono’s Football"
762,"2019-06-06 02:58:30+00","Pontifucks"
764,"2019-06-06 03:00:55+00","Strip Maul"
765,"2019-06-06 03:01:19+00","National Maul"
763,"2019-06-06 03:00:39+00","Endless Sprawl"
766,"2019-06-06 03:02:19+00","Solidarity Trip"
767,"2019-06-06 03:02:45+00","Acid Fripp"
768,"2019-06-06 03:03:13+00","Citric Assets"
769,"2019-06-09 02:11:48+00","Jambassador"
770,"2019-06-09 03:09:44+00","Jazztronaut"
771,"2019-06-09 03:09:56+00","Jazzpionage"
772,"2019-06-09 03:10:41+00","Thespionage"
773,"2019-06-09 06:09:38+00","Metsylvania"
774,"2019-06-09 06:10:35+00","Pencilvania"
775,"2019-06-09 06:11:14+00","Trampsylvania"
776,"2019-06-09 06:14:46+00","Rick James Super Teak"
777,"2019-06-09 06:15:21+00","Lady and the Frampton"
778,"2019-06-09 06:16:20+00","Derrick Clamp Ton"
779,"2019-06-09 06:17:04+00","Frampton Hampton"
780,"2019-06-09 06:17:43+00","Camping Bear"
781,"2019-06-09 06:18:55+00","Tree-Wheelin"
782,"2019-06-09 06:19:23+00","Tree Weilding"
783,"2019-06-09 06:19:42+00","Tree Welder"
784,"2019-06-09 06:20:25+00","Gold Smelter"
785,"2019-06-09 06:20:49+00","Helter Swelter"
786,"2019-06-09 06:21:28+00","Gold Melter"
787,"2019-06-09 06:22:38+00","Multiverses"
788,"2019-06-09 06:24:13+00","Multiply By Night"
789,"2019-06-09 06:24:48+00","Zoot and Pillage"
790,"2019-06-09 06:25:59+00","Moss Cow"
791,"2019-06-09 06:26:18+00","Moss Liberty"
792,"2019-06-09 06:27:13+00","High Moss"
793,"2019-06-09 06:27:43+00","Low Mass"
794,"2019-06-09 06:27:54+00","Low Moss"
795,"2019-06-09 06:31:17+00","Medium Lair"
796,"2019-06-09 06:31:59+00","Prayer Dogs"
797,"2019-06-09 06:32:19+00","Praline Mantis"
798,"2019-06-09 06:33:58+00","Medium Tedium"
799,"2019-06-09 06:35:11+00","Prairie Cogs"
800,"2019-06-09 06:35:52+00","Alligator Grin"
801,"2019-06-09 06:37:47+00","Crocodile Piers"
802,"2019-06-11 01:51:00+00","Tony Stanza"
803,"2019-06-11 21:51:50+00","Thunderwear"
804,"2019-06-11 21:52:05+00","Thunderpants"
805,"2019-06-11 21:52:28+00","Plunderpants"
806,"2019-06-13 01:44:58+00","Orbituary"
807,"2019-06-13 13:42:33+00","Womayonnaise"
808,"2019-06-13 13:42:58+00","Underbolt"
809,"2019-06-13 23:02:44+00","Reignbeaux"
810,"2019-06-14 00:33:34+00","Best Buoy"
811,"2019-06-14 00:39:23+00","Yentls::Lentils"
812,"2019-06-14 00:39:41+00","Primetime L'chaim"
813,"2019-06-16 19:34:47+00","Bear Conditioning"
814,"2019-06-16 19:35:00+00","Bearplane"
815,"2019-06-16 19:35:22+00","Hot Bear Balloon"
816,"2019-06-16 22:22:55+00","Wyld Scallyns"
817,"2019-06-17 23:19:33+00","Superb Owl"
818,"2019-06-17 23:19:48+00","Superb Hole"
819,"2019-06-18 02:12:10+00","Mundane Monday"
820,"2019-06-18 17:35:08+00","Ronnie James Diorama"
821,"2019-06-19 22:13:15+00","Ronnie James Dioceses"
822,"2019-06-19 22:13:27+00","Chocolate Chipmunk"
823,"2019-06-19 22:13:39+00","Chipmunkwich"
824,"2019-06-20 22:01:34+00","The Sistine Chapo"
825,"2019-06-21 19:59:48+00","Nelson Mandala"
826,"2019-06-23 23:36:42+00","Garymandering"
827,"2019-06-23 23:36:50+00","Gerry Mandarin"
859,"2019-06-28 01:15:17+00","Tuvalu Vanuatu"
860,"2019-06-28 01:15:24+00","Cross Czech"
861,"2019-06-28 01:15:43+00","Czech Please"
862,"2019-06-28 01:16:03+00","Czech Book"
863,"2019-06-28 01:25:20+00","People Dust"
864,"2019-07-02 01:17:15+00","Space Roach"
865,"2019-07-04 17:26:11+00","Street Candy"
866,"2019-07-08 02:52:41+00","Tech’s Mechs"
867,"2019-07-08 02:53:39+00","Ritz-Carlton Banks"
868,"2019-07-08 02:55:15+00","Bourgeois Buoy"
869,"2019-07-08 02:56:56+00","Tom Petit and the Grandjurors"
870,"2019-07-12 00:15:54+00","The Deafenders"
871,"2019-07-12 00:16:09+00","The Deaf Enders"
872,"2019-07-13 18:26:20+00","Exhausturd"
873,"2019-07-20 02:02:18+00","158 Lloyds"
874,"2019-07-22 20:03:01+00","Hot Frog"
875,"2019-07-25 01:39:48+00","Spruce Bringsteen"
876,"2019-07-25 01:41:06+00","Minotaur Warehouse"
877,"2019-07-25 01:41:14+00","Men’s Warhorse"
878,"2019-07-25 01:42:18+00","Citizen’s Buffet"
879,"2019-07-25 01:44:34+00","Eternity Paternity"
880,"2019-07-25 01:44:44+00","Paternity Suite"
881,"2019-07-25 01:45:11+00","Port Man Toe"
882,"2019-07-25 01:45:33+00","Sympathy Pants"
883,"2019-07-26 02:25:23+00","Planetary Nobodies"
884,"2019-07-26 02:26:22+00","Planetary Antibodies"
885,"2019-07-26 03:07:13+00","Transistor Yellow"
886,"2019-07-28 02:53:59+00","La Brea Carpets"
887,"2019-07-28 02:58:08+00","La Brea Tarmac"
888,"2019-08-02 00:52:55+00","The Bombay Bees"
889,"2019-08-02 00:53:12+00","Bomb Babies"
890,"2019-08-02 02:27:42+00","Dick Signals"
891,"2019-08-11 03:31:41+00","Jeb Lag"
892,"2019-08-11 03:31:56+00","Carpe Dijon"
893,"2019-08-11 03:32:23+00","Carpe Demon"
894,"2019-08-11 03:32:35+00","Text Mechs"
895,"2019-08-11 04:11:14+00","Photovolcanic"
896,"2019-08-15 00:44:15+00","Prawn Stars"
897,"2019-08-15 00:44:25+00","Prawn Shop"
898,"2019-08-17 03:05:00+00","Patcheeba"
899,"2019-08-20 01:50:39+00","Permalance"
900,"2019-08-21 23:30:27+00","Alpacalypse"
901,"2019-08-21 23:30:37+00","Alpaca Lips"
902,"2019-08-21 23:30:50+00","Alpaca Lips Now"
903,"2019-08-21 23:31:04+00","Owlpocalypse"
904,"2019-08-21 23:31:27+00","Apocalypso"
905,"2019-08-24 01:38:04+00","Handshake Coup"
906,"2019-08-25 01:24:42+00","Potato Chimps"
907,"2019-08-25 01:25:02+00","Rocket Shrimps"
908,"2019-08-25 01:25:19+00","Chimps Ahoy"
909,"2019-08-25 01:25:46+00","Chocolate Chimps"
910,"2019-08-30 01:08:00+00","Sugarcard"
911,"2019-08-30 02:01:09+00","Jon Anchovy"
912,"2019-08-30 02:01:21+00","Bonchon Jovi"
913,"2019-08-30 02:01:40+00","Padawan Jovi"
914,"2019-09-09 00:36:19+00","Bonafried"
915,"2019-09-09 00:36:36+00","Dinosaur Loser"
916,"2019-09-10 04:48:16+00","Moonshade"
917,"2019-09-10 04:48:27+00","Moonglasses"
918,"2019-09-10 04:48:38+00","Moondress"
919,"2019-09-10 04:48:59+00","Deer In Captivity"
920,"2019-09-10 04:49:17+00","Moonhat"
921,"2019-09-10 04:49:38+00","Moonscreen"
922,"2019-09-10 04:49:56+00","Moonshowers"
923,"2019-09-10 04:50:26+00","Moondried"
924,"2019-09-10 04:50:38+00","Moondown"
925,"2019-09-10 04:50:46+00","Moonset"
926,"2019-09-10 04:51:27+00","Moonburn"
927,"2019-09-10 04:52:17+00","Moondial"
928,"2019-09-10 04:52:49+00","Moonflower"
929,"2019-09-10 04:53:15+00","Moonfall"
930,"2019-09-11 04:48:58+00","Gospel Prison"
931,"2019-09-13 02:38:36+00","Organ Guy"
932,"2019-09-19 22:57:36+00","Djentleman"
933,"2019-09-20 21:00:39+00","Muppet Rabies"
934,"2019-09-20 21:00:50+00","Muppet Boobies"
935,"2019-09-20 21:01:07+00","Muppet Scabies"
936,"2019-09-20 21:01:27+00","Muppet Maybes"
937,"2019-09-24 01:17:30+00","Meat Guillotine"
938,"2019-09-24 01:17:40+00","Drumposer"
939,"2019-09-24 01:17:54+00","Guillotine Wolf"
940,"2019-09-24 01:18:03+00","Guy Guillotine"
942,"2019-09-24 01:41:07+00","Sniffin Wires"
943,"2019-09-24 01:41:21+00","Sniff the Wire"
944,"2019-09-24 01:41:33+00","Wireless Pineapple"
945,"2019-09-24 01:41:47+00","STDionage"
946,"2019-09-24 01:42:43+00","Guillotine Age Mutant Ninja Turtles"
947,"2019-09-26 01:38:58+00","Scuba Gooding Jr."
948,"2019-09-27 00:21:23+00","Satan's Seitan"
949,"2019-09-27 00:21:39+00","Seitan Sedan"
950,"2019-09-27 00:22:01+00","Satan's Sedan"
951,"2019-09-28 18:47:35+00","Booze Litebeer"
952,"2019-09-28 19:23:53+00","Snailbox"
953,"2019-09-28 19:24:06+00","Kalebox"
954,"2019-09-28 19:24:17+00","Failbox"
955,"2019-09-28 19:24:41+00","Sailbox"
956,"2019-09-28 19:24:53+00","Whalebox"
957,"2019-09-28 21:56:09+00","Chalk Spock"
958,"2019-09-29 17:25:04+00","Chivalrous Regal"
960,"2019-09-29 17:32:09+00","Cheese Whizard"
961,"2019-09-30 14:44:00+00","Solar Horse"
962,"2019-10-01 18:38:08+00","Mystery Mister"
963,"2019-10-01 18:38:42+00","Chivas Eagle"
964,"2019-10-01 18:39:53+00","Majesty Leaf"
965,"2019-10-02 00:14:22+00","Weed of Sale"
966,"2019-10-02 00:14:40+00","Polka, mon"
967,"2019-10-02 17:21:36+00","Cat Scam"
968,"2019-10-03 20:31:01+00","Hyperlynx"
969,"2019-10-03 20:31:54+00","Saudi Bonesaw"
970,"2019-10-03 20:32:14+00","Crown Prints"
959,"2019-09-29 17:25:34+00","The Chivalry Cavalry"
971,"2019-10-06 00:22:17+00","Emily's Enemy"
972,"2019-10-06 00:23:48+00","Macrohard"
973,"2019-10-08 22:59:00+00","Filipino Poppers"
974,"2019-10-08 23:02:02+00","Newel Poodles"
975,"2019-10-11 00:00:22+00","Ebullient Cube"
976,"2019-10-12 04:02:07+00","Caplets and Mountain Dews"
977,"2019-10-12 04:02:25+00","Captain and the Neil"
978,"2019-10-12 04:04:18+00","Pool Nudes"
979,"2019-10-12 04:04:25+00","Pool Dudes"
980,"2019-10-12 04:04:40+00","Pool Doodles"
981,"2019-10-12 04:04:49+00","Dual Poodles"
982,"2019-10-12 04:09:05+00","Banana Cabana"
983,"2019-10-12 04:09:18+00","Sheik Shack"
